scenario,message_size,invocation_rate,invocation_index,total_http_latency_ms,request_latency_ms,transport_latency_ms
Large Message (0.1 rps),large,0.1_rps,1,193.176,272.563,-79.387
Large Message (0.1 rps),large,0.1_rps,2,172.853,245.68699999999998,-72.83399999999999
Large Message (0.1 rps),large,0.1_rps,3,155.218,219.114,-63.895999999999994
Large Message (0.1 rps),large,0.1_rps,4,217.213,282.581,-65.368
Large Message (0.1 rps),large,0.1_rps,5,174.098,250.75199999999998,-76.654
Large Message (0.1 rps),large,0.1_rps,6,166.80100000000002,229.044,-62.243
Large Message (0.1 rps),large,0.1_rps,7,165.726,231.139,-65.413
Large Message (0.1 rps),large,0.1_rps,8,152.10399999999998,214.41,-62.306
Large Message (0.1 rps),large,0.1_rps,9,184.954,247.99599999999998,-63.042
Large Message (0.1 rps),large,0.1_rps,10,125.697,272.279,-146.582
Large Message (0.1 rps),large,0.1_rps,11,176.52,241.939,-65.41900000000001
Large Message (0.1 rps),large,0.1_rps,12,160.439,223.365,-62.925999999999995
Large Message (0.1 rps),large,0.1_rps,13,189.40699999999998,267.854,-78.447
Large Message (0.1 rps),large,0.1_rps,14,163.656,225.982,-62.326
Large Message (0.1 rps),large,0.1_rps,15,160.32299999999998,234.15800000000002,-73.835
Large Message (0.1 rps),large,0.1_rps,16,194.57399999999998,259.707,-65.133
Large Message (0.1 rps),large,0.1_rps,17,167.992,236.322,-68.33
Large Message (0.1 rps),large,0.1_rps,18,167.23499999999999,228.83800000000002,-61.603
Large Message (0.1 rps),large,0.1_rps,19,178.421,255.492,-77.071
Large Message (0.1 rps),large,0.1_rps,20,183.18,246.32000000000002,-63.14
Large Message (0.1 rps),large,0.1_rps,21,180.863,243.344,-62.481
Large Message (0.1 rps),large,0.1_rps,22,182.10999999999999,247.194,-65.084
Large Message (0.1 rps),large,0.1_rps,23,172.11,242.29500000000002,-70.185
Large Message (0.1 rps),large,0.1_rps,24,162.095,226.94500000000002,-64.85000000000001
Large Message (0.1 rps),large,0.1_rps,25,178.614,244.483,-65.869
Large Message (0.1 rps),large,0.1_rps,26,175.008,240.768,-65.76
Large Message (0.1 rps),large,0.1_rps,27,184.252,252.24699999999999,-67.995
Large Message (0.1 rps),large,0.1_rps,28,182.87,248.317,-65.447
Large Message (0.1 rps),large,0.1_rps,29,150.454,232.626,-82.172
Large Message (0.1 rps),large,0.1_rps,30,179.643,242.292,-62.648999999999994
Large Message (0.1 rps),large,0.1_rps,31,178.228,247.814,-69.586
Large Message (0.1 rps),large,0.1_rps,32,153.634,229.533,-75.899
Large Message (0.1 rps),large,0.1_rps,33,188.35399999999998,251.52,-63.166
Large Message (0.1 rps),large,0.1_rps,34,182.809,245.774,-62.964999999999996
Large Message (0.1 rps),large,0.1_rps,35,185.245,247.23899999999998,-61.994
Large Message (0.1 rps),large,0.1_rps,36,168.291,234.11599999999999,-65.82499999999999
Large Message (0.1 rps),large,0.1_rps,37,182.85999999999999,245.993,-63.132999999999996
Large Message (0.1 rps),large,0.1_rps,38,150.99099999999999,229.299,-78.308
Large Message (0.1 rps),large,0.1_rps,39,189.962,251.009,-61.047
Large Message (0.1 rps),large,0.1_rps,40,178.294,242.481,-64.187
Large Message (0.1 rps),large,0.1_rps,41,192.989,256.85999999999996,-63.870999999999995
Large Message (0.1 rps),large,0.1_rps,42,149.198,217.581,-68.383
Large Message (0.1 rps),large,0.1_rps,43,177.377,245.17,-67.793
Large Message (0.1 rps),large,0.1_rps,44,213.728,276.169,-62.441
Large Message (0.1 rps),large,0.1_rps,45,176.72199999999998,256.669,-79.947
Large Message (0.1 rps),large,0.1_rps,46,181.94299999999998,247.524,-65.581
Large Message (0.1 rps),large,0.1_rps,47,174.22799999999998,239.204,-64.976
Large Message (0.1 rps),large,0.1_rps,48,174.869,242.59,-67.721
Large Message (0.1 rps),large,0.1_rps,49,181.541,248.62,-67.079
Large Message (0.1 rps),large,0.1_rps,50,167.6,226.843,-59.242999999999995
Large Message (0.1 rps),large,0.1_rps,51,176.831,239.511,-62.68
Large Message (0.1 rps),large,0.1_rps,52,181.738,244.43200000000002,-62.694
Large Message (0.1 rps),large,0.1_rps,53,164.701,238.829,-74.128
Large Message (0.1 rps),large,0.1_rps,54,174.814,237.231,-62.417
Large Message (0.1 rps),large,0.1_rps,55,172.287,249.32399999999998,-77.03699999999999
Large Message (0.1 rps),large,0.1_rps,56,180.57899999999998,248.859,-68.27999999999999
Large Message (0.1 rps),large,0.1_rps,57,179.369,243.332,-63.96300000000001
Large Message (0.1 rps),large,0.1_rps,58,150.705,213.689,-62.984
Large Message (0.1 rps),large,0.1_rps,59,170.349,236.181,-65.83200000000001
Large Message (0.1 rps),large,0.1_rps,60,159.44,225.852,-66.41199999999999
Large Message (0.1 rps),large,0.1_rps,61,184.733,247.222,-62.489000000000004
Large Message (0.1 rps),large,0.1_rps,62,178.624,240.171,-61.547
Large Message (0.1 rps),large,0.1_rps,63,183.85000000000002,250.991,-67.141
Large Message (0.1 rps),large,0.1_rps,64,170.322,233.621,-63.29899999999999
Large Message (0.1 rps),large,0.1_rps,65,180.606,249.965,-69.35900000000001
Large Message (0.1 rps),large,0.1_rps,66,176.54600000000002,243.57000000000002,-67.024
Large Message (0.1 rps),large,0.1_rps,67,142.81,211.899,-69.089
Large Message (0.1 rps),large,0.1_rps,68,205.374,270.58700000000005,-65.213
Large Message (0.1 rps),large,0.1_rps,69,170.509,244.96699999999998,-74.458
Large Message (0.1 rps),large,0.1_rps,70,175.804,244.596,-68.792
Large Message (0.1 rps),large,0.1_rps,71,179.979,245.13199999999998,-65.153
Large Message (0.1 rps),large,0.1_rps,72,176.631,242.60000000000002,-65.969
Large Message (0.1 rps),large,0.1_rps,73,212.654,276.613,-63.959
Large Message (0.1 rps),large,0.1_rps,74,178.558,244.897,-66.339
Large Message (0.1 rps),large,0.1_rps,75,164.238,228.24,-64.00200000000001
Large Message (0.1 rps),large,0.1_rps,76,160.378,223.92100000000002,-63.543
Large Message (0.1 rps),large,0.1_rps,77,181.534,246.78,-65.246
Large Message (0.1 rps),large,0.1_rps,78,167.23499999999999,234.875,-67.64
Large Message (0.1 rps),large,0.1_rps,79,148.957,236.313,-87.35600000000001
Large Message (0.1 rps),large,0.1_rps,80,162.20499999999998,227.751,-65.54599999999999
Large Message (0.1 rps),large,0.1_rps,81,179.807,242.097,-62.29
Large Message (0.1 rps),large,0.1_rps,82,162.44400000000002,249.552,-87.108
Large Message (0.1 rps),large,0.1_rps,83,168.96800000000002,236.402,-67.434
Large Message (0.1 rps),large,0.1_rps,84,175.728,271.22200000000004,-95.494
Large Message (0.1 rps),large,0.1_rps,85,167.921,250.205,-82.28399999999999
Large Message (0.1 rps),large,0.1_rps,86,166.138,246.919,-80.781
Large Message (0.1 rps),large,0.1_rps,87,183.452,248.021,-64.569
Large Message (0.1 rps),large,0.1_rps,88,185.85399999999998,258.63199999999995,-72.77799999999999
Large Message (0.1 rps),large,0.1_rps,89,182.648,247.472,-64.82400000000001
Large Message (0.1 rps),large,0.1_rps,90,246.037,313.67499999999995,-67.638
Large Message (0.1 rps),large,0.1_rps,91,182.199,248.98700000000002,-66.788
Large Message (0.1 rps),large,0.1_rps,92,181.949,253.577,-71.628
Large Message (0.1 rps),large,0.1_rps,93,182.052,246.566,-64.514
Large Message (0.1 rps),large,0.1_rps,94,167.869,239.951,-72.082
Large Message (0.1 rps),large,0.1_rps,95,176.77,245.961,-69.191
Large Message (0.1 rps),large,0.1_rps,96,182.548,248.266,-65.718
Large Message (0.1 rps),large,0.1_rps,97,175.83499999999998,246.07000000000002,-70.235
Large Message (0.1 rps),large,0.1_rps,98,171.06199999999998,242.931,-71.869
Large Message (0.1 rps),large,0.1_rps,99,185.68,250.521,-64.841
Large Message (0.1 rps),large,0.1_rps,100,158.111,242.787,-84.676
Large Message (0.1 rps),large,0.1_rps,101,165.131,254.34400000000002,-89.213
Large Message (0.1 rps),large,0.1_rps,102,179.65200000000002,251.157,-71.505
Large Message (0.1 rps),large,0.1_rps,103,174.713,260.95099999999996,-86.238
Large Message (0.1 rps),large,0.1_rps,104,163.899,252.262,-88.363
Large Message (0.1 rps),large,0.1_rps,105,158.526,251.74999999999997,-93.224
Large Message (0.1 rps),large,0.1_rps,106,180.87,242.434,-61.564
Large Message (0.1 rps),large,0.1_rps,107,204.153,267.18399999999997,-63.031000000000006
Large Message (0.1 rps),large,0.1_rps,108,181.991,250.68400000000003,-68.693
Large Message (0.1 rps),large,0.1_rps,109,179.131,246.298,-67.167
Large Message (0.1 rps),large,0.1_rps,110,191.606,259.912,-68.30600000000001
Large Message (0.1 rps),large,0.1_rps,111,163.21099999999998,231.93,-68.71900000000001
Large Message (0.1 rps),large,0.1_rps,112,171.154,238.874,-67.72
Large Message (0.1 rps),large,0.1_rps,113,200.146,271.76099999999997,-71.615
Large Message (0.1 rps),large,0.1_rps,114,175.284,240.2,-64.916
Large Message (0.1 rps),large,0.1_rps,115,184.48600000000002,248.639,-64.153
Large Message (0.1 rps),large,0.1_rps,116,149.089,213.90300000000002,-64.814
Large Message (0.1 rps),large,0.1_rps,117,175.45,251.834,-76.384
Large Message (0.1 rps),large,0.1_rps,118,172.839,240.753,-67.914
Large Message (0.1 rps),large,0.1_rps,119,182.361,248.60199999999998,-66.241
Large Message (0.1 rps),large,0.1_rps,120,190.54,265.322,-74.782
Large Message (0.1 rps),large,0.1_rps,121,175.097,240.72199999999998,-65.625
Large Message (0.1 rps),large,0.1_rps,122,233.596,299.413,-65.81700000000001
Large Message (0.1 rps),large,0.1_rps,123,194.271,257.642,-63.370999999999995
Large Message (0.1 rps),large,0.1_rps,124,160.42100000000002,234.991,-74.57
Large Message (0.1 rps),large,0.1_rps,125,158.438,227.017,-68.57900000000001
Large Message (0.1 rps),large,0.1_rps,126,169.732,236.91,-67.178
Large Message (0.1 rps),large,0.1_rps,127,193.25400000000002,262.798,-69.544
Large Message (0.1 rps),large,0.1_rps,128,165.137,228.785,-63.647999999999996
Large Message (0.1 rps),large,0.1_rps,129,180.19,244.565,-64.375
Large Message (0.1 rps),large,0.1_rps,130,241.285,322.16299999999995,-80.878
Large Message (0.1 rps),large,0.1_rps,131,176.377,240.177,-63.8
Large Message (0.1 rps),large,0.1_rps,132,185.481,261.385,-75.904
Large Message (0.1 rps),large,0.1_rps,133,150.543,218.235,-67.69200000000001
Large Message (0.1 rps),large,0.1_rps,134,177.614,247.441,-69.827
Large Message (0.1 rps),large,0.1_rps,135,166.652,231.037,-64.38499999999999
Large Message (0.1 rps),large,0.1_rps,136,164.262,234.48,-70.218
Large Message (0.1 rps),large,0.1_rps,137,182.722,248.447,-65.72500000000001
Large Message (0.1 rps),large,0.1_rps,138,186.766,255.571,-68.805
Large Message (0.1 rps),large,0.1_rps,139,152.288,222.923,-70.635
Large Message (0.1 rps),large,0.1_rps,140,178.007,243.24499999999998,-65.238
Large Message (0.1 rps),large,0.1_rps,141,192.323,260.887,-68.564
Large Message (0.1 rps),large,0.1_rps,142,169.044,236.08,-67.036
Large Message (0.1 rps),large,0.1_rps,143,183.315,249.339,-66.024
Large Message (0.1 rps),large,0.1_rps,144,157.862,227.74,-69.878
Large Message (0.1 rps),large,0.1_rps,145,193.859,260.746,-66.887
Large Message (0.1 rps),large,0.1_rps,146,200.845,269.73900000000003,-68.89399999999999
Large Message (0.1 rps),large,0.1_rps,147,179.75199999999998,246.15699999999998,-66.405
Large Message (0.1 rps),large,0.1_rps,148,157.326,221.07399999999998,-63.748
Large Message (0.1 rps),large,0.1_rps,149,153.805,222.915,-69.11
Large Message (0.1 rps),large,0.1_rps,150,175.72199999999998,240.648,-64.926
Large Message (0.1 rps),large,0.1_rps,151,224.982,291.659,-66.677
Large Message (0.1 rps),large,0.1_rps,152,163.876,241.068,-77.192
Large Message (0.1 rps),large,0.1_rps,153,193.19,266.072,-72.882
Large Message (0.1 rps),large,0.1_rps,154,167.957,236.406,-68.449
Large Message (0.1 rps),large,0.1_rps,155,171.133,240.092,-68.959
Large Message (0.1 rps),large,0.1_rps,156,167.467,242.69199999999998,-75.225
Large Message (0.1 rps),large,0.1_rps,157,192.03799999999998,254.43900000000002,-62.400999999999996
Large Message (0.1 rps),large,0.1_rps,158,182.689,248.79299999999998,-66.104
Large Message (0.1 rps),large,0.1_rps,159,178.838,247.98899999999998,-69.15100000000001
Large Message (0.1 rps),large,0.1_rps,160,180.867,250.811,-69.944
Large Message (0.1 rps),large,0.1_rps,161,163.28799999999998,226.59799999999998,-63.31
Large Message (0.1 rps),large,0.1_rps,162,176.987,239.49200000000002,-62.505
Large Message (0.1 rps),large,0.1_rps,163,177.15,242.146,-64.996
Large Message (0.1 rps),large,0.1_rps,164,153.258,217.223,-63.964999999999996
Large Message (0.1 rps),large,0.1_rps,165,160.804,231.376,-70.572
Large Message (0.1 rps),large,0.1_rps,166,171.177,238.262,-67.08500000000001
Large Message (0.1 rps),large,0.1_rps,167,149.195,216.07100000000003,-66.876
Large Message (0.1 rps),large,0.1_rps,168,143.567,208.517,-64.94999999999999
Large Message (0.1 rps),large,0.1_rps,169,172.528,238.256,-65.728
Large Message (0.1 rps),large,0.1_rps,170,183.74699999999999,244.498,-60.751
Large Message (0.1 rps),large,0.1_rps,171,182.371,248.93,-66.559
Large Message (0.1 rps),large,0.1_rps,172,193.93099999999998,259.287,-65.356
Large Message (0.1 rps),large,0.1_rps,173,148.098,210.567,-62.468999999999994
Large Message (0.1 rps),large,0.1_rps,174,188.535,253.91599999999997,-65.381
Large Message (0.1 rps),large,0.1_rps,175,152.79999999999998,240.084,-87.284
Large Message (0.1 rps),large,0.1_rps,176,208.685,274.01300000000003,-65.328
Large Message (0.1 rps),large,0.1_rps,177,177.25199999999998,243.345,-66.093
Large Message (0.1 rps),large,0.1_rps,178,161.616,290.746,-129.13
Large Message (0.1 rps),large,0.1_rps,179,187.508,254.691,-67.183
Large Message (0.1 rps),large,0.1_rps,180,198.72,262.682,-63.962
Large Message (0.1 rps),large,0.1_rps,181,188.915,259.38899999999995,-70.47399999999999
Large Message (0.1 rps),large,0.1_rps,182,193.918,259.058,-65.14
Large Message (0.1 rps),large,0.1_rps,183,171.207,280.621,-109.414
Large Message (0.1 rps),large,0.1_rps,184,173.065,240.484,-67.41900000000001
Large Message (0.1 rps),large,0.1_rps,185,173.308,237.279,-63.971000000000004
Large Message (0.1 rps),large,0.1_rps,186,198.95399999999998,260.74399999999997,-61.79
Large Message (0.1 rps),large,0.1_rps,187,181.428,244.914,-63.486000000000004
Large Message (0.1 rps),large,0.1_rps,188,155.983,220.833,-64.85000000000001
Large Message (0.1 rps),large,0.1_rps,189,189.724,254.51600000000002,-64.792
Large Message (0.1 rps),large,0.1_rps,190,206.307,272.895,-66.588
Large Message (0.1 rps),large,0.1_rps,191,193.552,258.879,-65.327
Large Message (0.1 rps),large,0.1_rps,192,191.099,253.548,-62.449
Large Message (0.1 rps),large,0.1_rps,193,213.321,276.683,-63.362
Large Message (0.1 rps),large,0.1_rps,194,144.211,244.948,-100.737
Large Message (0.1 rps),large,0.1_rps,195,204.011,267.372,-63.361000000000004
Large Message (0.1 rps),large,0.1_rps,196,166.839,234.057,-67.218
Large Message (0.1 rps),large,0.1_rps,197,166.768,232.433,-65.665
Large Message (0.1 rps),large,0.1_rps,198,193.187,261.90200000000004,-68.715
Large Message (0.1 rps),large,0.1_rps,199,175.274,244.949,-69.675
Large Message (0.1 rps),large,0.1_rps,200,182.893,255.16400000000002,-72.271
Large Message (0.1 rps),large,0.1_rps,201,188.879,251.86999999999998,-62.99100000000001
Large Message (0.1 rps),large,0.1_rps,202,191.332,252.276,-60.943999999999996
Large Message (0.1 rps),large,0.1_rps,203,190.072,255.878,-65.806
Large Message (0.1 rps),large,0.1_rps,204,176.02200000000002,244.654,-68.632
Large Message (0.1 rps),large,0.1_rps,205,179.134,244.908,-65.774
Large Message (0.1 rps),large,0.1_rps,206,152.311,216.959,-64.648
Large Message (0.1 rps),large,0.1_rps,207,175.487,240.55499999999998,-65.068
Large Message (0.1 rps),large,0.1_rps,208,165.49099999999999,229.80100000000002,-64.31
Large Message (0.1 rps),large,0.1_rps,209,168.533,279.171,-110.638
Large Message (0.1 rps),large,0.1_rps,210,192.353,275.119,-82.766
Large Message (0.1 rps),large,0.1_rps,211,187.232,255.42,-68.188
Large Message (0.1 rps),large,0.1_rps,212,169.867,236.863,-66.996
Large Message (0.1 rps),large,0.1_rps,213,173.227,236.815,-63.58800000000001
Large Message (0.1 rps),large,0.1_rps,214,186.882,259.35,-72.468
Large Message (0.1 rps),large,0.1_rps,215,173.89,237.574,-63.684000000000005
Large Message (0.1 rps),large,0.1_rps,216,200.368,267.621,-67.253
Large Message (0.1 rps),large,0.1_rps,217,186.432,257.577,-71.145
Large Message (0.1 rps),large,0.1_rps,218,173.367,242.367,-69.0
Large Message (0.1 rps),large,0.1_rps,219,161.60399999999998,233.107,-71.503
Large Message (0.1 rps),large,0.1_rps,220,187.672,250.39099999999996,-62.718999999999994
Large Message (0.1 rps),large,0.1_rps,221,170.496,236.747,-66.251
Large Message (0.1 rps),large,0.1_rps,222,188.342,255.617,-67.275
Large Message (0.1 rps),large,0.1_rps,223,183.249,252.805,-69.55600000000001
Large Message (0.1 rps),large,0.1_rps,224,168.25,242.597,-74.347
Large Message (0.1 rps),large,0.1_rps,225,153.155,215.335,-62.18
Large Message (0.1 rps),large,0.1_rps,226,168.825,231.324,-62.499
Large Message (0.1 rps),large,0.1_rps,227,193.644,258.729,-65.08500000000001
Large Message (0.1 rps),large,0.1_rps,228,159.162,234.172,-75.00999999999999
Large Message (0.1 rps),large,0.1_rps,229,166.625,229.212,-62.587
Large Message (0.1 rps),large,0.1_rps,230,168.97699999999998,244.34300000000002,-75.366
Large Message (0.1 rps),large,0.1_rps,231,178.864,245.392,-66.528
Large Message (0.1 rps),large,0.1_rps,232,167.93099999999998,263.17600000000004,-95.24499999999999
Large Message (0.1 rps),large,0.1_rps,233,179.097,244.738,-65.641
Large Message (0.1 rps),large,0.1_rps,234,183.919,247.21599999999998,-63.297000000000004
Large Message (0.1 rps),large,0.1_rps,235,164.109,241.715,-77.606
Large Message (0.1 rps),large,0.1_rps,236,187.31400000000002,255.135,-67.82100000000001
Large Message (0.1 rps),large,0.1_rps,237,214.031,283.349,-69.318
Large Message (0.1 rps),large,0.1_rps,238,202.58100000000002,271.176,-68.595
Large Message (0.1 rps),large,0.1_rps,239,191.115,256.769,-65.65400000000001
Large Message (0.1 rps),large,0.1_rps,240,161.976,241.251,-79.27499999999999
Large Message (0.1 rps),large,0.1_rps,241,179.69299999999998,247.981,-68.288
Large Message (0.1 rps),large,0.1_rps,242,187.599,252.64,-65.041
Large Message (0.1 rps),large,0.1_rps,243,173.97899999999998,239.646,-65.667
Large Message (0.1 rps),large,0.1_rps,244,184.844,247.10199999999998,-62.258
Large Message (0.1 rps),large,0.1_rps,245,173.098,245.37900000000002,-72.28099999999999
Large Message (0.1 rps),large,0.1_rps,246,173.063,240.90900000000002,-67.846
Large Message (0.1 rps),large,0.1_rps,247,189.992,259.702,-69.71
Large Message (0.1 rps),large,0.1_rps,248,190.07399999999998,254.71500000000003,-64.641
Large Message (0.1 rps),large,0.1_rps,249,185.774,261.25100000000003,-75.477
Large Message (0.1 rps),large,0.1_rps,250,178.666,246.097,-67.43100000000001
Large Message (5 rps),large,5_rps,1,165.311,279.968,-114.657
Large Message (5 rps),large,5_rps,2,174.318,232.67,-58.352000000000004
Large Message (5 rps),large,5_rps,3,185.109,242.598,-57.489
Large Message (5 rps),large,5_rps,4,169.77800000000002,228.266,-58.488
Large Message (5 rps),large,5_rps,5,171.56199999999998,229.217,-57.655
Large Message (5 rps),large,5_rps,6,188.76000000000002,248.974,-60.214
Large Message (5 rps),large,5_rps,7,179.874,244.832,-64.958
Large Message (5 rps),large,5_rps,8,169.219,251.05899999999997,-81.83999999999999
Large Message (5 rps),large,5_rps,9,150.459,247.825,-97.366
Large Message (5 rps),large,5_rps,10,182.553,242.833,-60.28
Large Message (5 rps),large,5_rps,11,170.238,229.639,-59.401
Large Message (5 rps),large,5_rps,12,129.5,200.075,-70.575
Large Message (5 rps),large,5_rps,13,175.54600000000002,233.539,-57.993
Large Message (5 rps),large,5_rps,14,146.313,214.5,-68.187
Large Message (5 rps),large,5_rps,15,180.76700000000002,240.453,-59.686
Large Message (5 rps),large,5_rps,16,177.696,239.013,-61.317
Large Message (5 rps),large,5_rps,17,143.664,201.54500000000002,-57.881
Large Message (5 rps),large,5_rps,18,178.214,240.284,-62.07
Large Message (5 rps),large,5_rps,19,185.815,244.51700000000002,-58.702
Large Message (5 rps),large,5_rps,20,144.566,203.247,-58.681
Large Message (5 rps),large,5_rps,21,163.053,220.891,-57.838
Large Message (5 rps),large,5_rps,22,180.02,240.277,-60.257
Large Message (5 rps),large,5_rps,23,151.833,208.485,-56.652
Large Message (5 rps),large,5_rps,24,176.187,235.421,-59.234
Large Message (5 rps),large,5_rps,25,166.502,224.411,-57.909
Large Message (5 rps),large,5_rps,26,125.528,189.446,-63.918
Large Message (5 rps),large,5_rps,27,148.97,205.75,-56.779999999999994
Large Message (5 rps),large,5_rps,28,148.874,206.299,-57.425
Large Message (5 rps),large,5_rps,29,144.748,204.04,-59.291999999999994
Large Message (5 rps),large,5_rps,30,181.64600000000002,240.928,-59.282000000000004
Large Message (5 rps),large,5_rps,31,132.459,190.93099999999998,-58.472
Large Message (5 rps),large,5_rps,32,146.597,205.66899999999998,-59.072
Large Message (5 rps),large,5_rps,33,158.055,218.975,-60.92
Large Message (5 rps),large,5_rps,34,173.247,233.494,-60.247
Large Message (5 rps),large,5_rps,35,143.792,203.991,-60.199000000000005
Large Message (5 rps),large,5_rps,36,160.654,219.07299999999998,-58.419
Large Message (5 rps),large,5_rps,37,168.613,225.555,-56.942
Large Message (5 rps),large,5_rps,38,181.872,240.232,-58.36
Large Message (5 rps),large,5_rps,39,158.649,220.45600000000002,-61.807
Large Message (5 rps),large,5_rps,40,141.172,201.087,-59.915000000000006
Large Message (5 rps),large,5_rps,41,179.44899999999998,238.13400000000001,-58.685
Large Message (5 rps),large,5_rps,42,178.929,241.05499999999998,-62.126
Large Message (5 rps),large,5_rps,43,173.684,232.956,-59.272
Large Message (5 rps),large,5_rps,44,139.232,196.315,-57.083
Large Message (5 rps),large,5_rps,45,137.119,195.93,-58.811
Large Message (5 rps),large,5_rps,46,365.013,422.252,-57.239
Large Message (5 rps),large,5_rps,47,167.23,226.078,-58.848
Large Message (5 rps),large,5_rps,48,182.291,242.04999999999998,-59.759
Large Message (5 rps),large,5_rps,49,176.953,235.80300000000003,-58.85
Large Message (5 rps),large,5_rps,50,151.291,212.51,-61.219
Large Message (5 rps),large,5_rps,51,130.078,193.827,-63.749
Large Message (5 rps),large,5_rps,52,162.801,221.89700000000002,-59.096000000000004
Large Message (5 rps),large,5_rps,53,173.649,239.934,-66.285
Large Message (5 rps),large,5_rps,54,185.89,246.01600000000002,-60.126
Large Message (5 rps),large,5_rps,55,145.65200000000002,212.36599999999999,-66.714
Large Message (5 rps),large,5_rps,56,151.26500000000001,208.57899999999998,-57.314
Large Message (5 rps),large,5_rps,57,159.83700000000002,221.17800000000003,-61.341
Large Message (5 rps),large,5_rps,58,152.93599999999998,209.99699999999999,-57.061
Large Message (5 rps),large,5_rps,59,133.602,191.70000000000002,-58.098
Large Message (5 rps),large,5_rps,60,165.75699999999998,226.129,-60.372
Large Message (5 rps),large,5_rps,61,165.64200000000002,224.909,-59.267
Large Message (5 rps),large,5_rps,62,178.68,238.71300000000002,-60.033
Large Message (5 rps),large,5_rps,63,145.02200000000002,208.13400000000001,-63.112
Large Message (5 rps),large,5_rps,64,142.72099999999998,203.304,-60.583
Large Message (5 rps),large,5_rps,65,166.107,228.719,-62.612
Large Message (5 rps),large,5_rps,66,178.753,236.741,-57.988
Large Message (5 rps),large,5_rps,67,190.84599999999998,250.894,-60.047999999999995
Large Message (5 rps),large,5_rps,68,148.57799999999997,211.823,-63.245
Large Message (5 rps),large,5_rps,69,130.502,196.721,-66.219
Large Message (5 rps),large,5_rps,70,176.34,235.24800000000002,-58.908
Large Message (5 rps),large,5_rps,71,140.632,199.023,-58.391
Large Message (5 rps),large,5_rps,72,155.478,216.162,-60.684000000000005
Large Message (5 rps),large,5_rps,73,175.37,233.873,-58.503
Large Message (5 rps),large,5_rps,74,169.844,244.608,-74.764
Large Message (5 rps),large,5_rps,75,140.55,199.3,-58.75
Large Message (5 rps),large,5_rps,76,135.47799999999998,198.182,-62.70399999999999
Large Message (5 rps),large,5_rps,77,175.633,233.334,-57.701
Large Message (5 rps),large,5_rps,78,150.732,236.55,-85.81800000000001
Large Message (5 rps),large,5_rps,79,193.479,255.826,-62.347
Large Message (5 rps),large,5_rps,80,204.785,264.60499999999996,-59.82
Large Message (5 rps),large,5_rps,81,139.58499999999998,199.369,-59.784
Large Message (5 rps),large,5_rps,82,151.673,216.70700000000002,-65.03399999999999
Large Message (5 rps),large,5_rps,83,154.053,216.838,-62.785
Large Message (5 rps),large,5_rps,84,174.396,247.62300000000002,-73.227
Large Message (5 rps),large,5_rps,85,141.488,203.21,-61.722
Large Message (5 rps),large,5_rps,86,139.25199999999998,198.763,-59.511
Large Message (5 rps),large,5_rps,87,157.455,216.669,-59.214000000000006
Large Message (5 rps),large,5_rps,88,132.667,192.425,-59.757999999999996
Large Message (5 rps),large,5_rps,89,167.732,226.09799999999998,-58.366
Large Message (5 rps),large,5_rps,90,131.633,193.59,-61.957
Large Message (5 rps),large,5_rps,91,146.201,202.035,-55.834
Large Message (5 rps),large,5_rps,92,151.32999999999998,218.666,-67.336
Large Message (5 rps),large,5_rps,93,138.931,196.237,-57.306000000000004
Large Message (5 rps),large,5_rps,94,155.889,211.674,-55.785000000000004
Large Message (5 rps),large,5_rps,95,134.137,197.78799999999998,-63.650999999999996
Large Message (5 rps),large,5_rps,96,140.821,201.177,-60.356
Large Message (5 rps),large,5_rps,97,151.583,209.248,-57.665
Large Message (5 rps),large,5_rps,98,137.483,195.864,-58.381
Large Message (5 rps),large,5_rps,99,143.453,204.587,-61.134
Large Message (5 rps),large,5_rps,100,139.58599999999998,196.84199999999998,-57.256
Large Message (5 rps),large,5_rps,101,134.27700000000002,192.228,-57.951
Large Message (5 rps),large,5_rps,102,169.276,236.695,-67.41900000000001
Large Message (5 rps),large,5_rps,103,148.43,206.079,-57.649
Large Message (5 rps),large,5_rps,104,158.319,214.21200000000002,-55.893
Large Message (5 rps),large,5_rps,105,148.15300000000002,207.982,-59.829
Large Message (5 rps),large,5_rps,106,155.18599999999998,210.233,-55.047
Large Message (5 rps),large,5_rps,107,169.941,230.101,-60.16
Large Message (5 rps),large,5_rps,108,127.06600000000002,185.577,-58.511
Large Message (5 rps),large,5_rps,109,135.101,191.98399999999998,-56.883
Large Message (5 rps),large,5_rps,110,156.63299999999998,214.385,-57.751999999999995
Large Message (5 rps),large,5_rps,111,151.857,213.397,-61.54
Large Message (5 rps),large,5_rps,112,171.457,230.73,-59.272999999999996
Large Message (5 rps),large,5_rps,113,135.315,197.523,-62.208
Large Message (5 rps),large,5_rps,114,134.496,200.55100000000002,-66.055
Large Message (5 rps),large,5_rps,115,178.627,238.143,-59.516
Large Message (5 rps),large,5_rps,116,164.104,226.244,-62.14
Large Message (5 rps),large,5_rps,117,181.93300000000002,240.928,-58.995
Large Message (5 rps),large,5_rps,118,148.081,205.953,-57.872
Large Message (5 rps),large,5_rps,119,162.365,219.128,-56.763
Large Message (5 rps),large,5_rps,120,144.896,202.141,-57.245
Large Message (5 rps),large,5_rps,121,162.24,227.24800000000002,-65.008
Large Message (5 rps),large,5_rps,122,131.606,195.355,-63.749
Large Message (5 rps),large,5_rps,123,134.834,211.00199999999998,-76.168
Large Message (5 rps),large,5_rps,124,159.477,220.069,-60.592
Large Message (5 rps),large,5_rps,125,147.50900000000001,202.215,-54.705999999999996
Large Message (5 rps),large,5_rps,126,139.81799999999998,199.877,-60.059000000000005
Large Message (5 rps),large,5_rps,127,144.925,202.98499999999999,-58.06
Large Message (5 rps),large,5_rps,128,121.149,181.275,-60.126
Large Message (5 rps),large,5_rps,129,139.94799999999998,206.368,-66.42
Large Message (5 rps),large,5_rps,130,145.298,204.931,-59.632999999999996
Large Message (5 rps),large,5_rps,131,130.875,213.16199999999998,-82.287
Large Message (5 rps),large,5_rps,132,167.824,224.63400000000001,-56.81
Large Message (5 rps),large,5_rps,133,171.734,231.183,-59.449000000000005
Large Message (5 rps),large,5_rps,134,139.232,197.212,-57.98
Large Message (5 rps),large,5_rps,135,155.90599999999998,215.562,-59.656
Large Message (5 rps),large,5_rps,136,131.494,191.036,-59.541999999999994
Large Message (5 rps),large,5_rps,137,189.006,246.468,-57.461999999999996
Large Message (5 rps),large,5_rps,138,151.29999999999998,207.90800000000002,-56.608
Large Message (5 rps),large,5_rps,139,143.005,198.783,-55.778
Large Message (5 rps),large,5_rps,140,136.586,193.989,-57.403000000000006
Large Message (5 rps),large,5_rps,141,153.551,211.631,-58.08
Large Message (5 rps),large,5_rps,142,124.401,205.926,-81.525
Large Message (5 rps),large,5_rps,143,161.89000000000001,235.883,-73.99300000000001
Large Message (5 rps),large,5_rps,144,149.004,212.76999999999998,-63.766000000000005
Large Message (5 rps),large,5_rps,145,163.886,222.575,-58.689
Large Message (5 rps),large,5_rps,146,149.19199999999998,207.716,-58.524
Large Message (5 rps),large,5_rps,147,170.17,239.177,-69.007
Large Message (5 rps),large,5_rps,148,173.986,232.064,-58.077999999999996
Large Message (5 rps),large,5_rps,149,174.246,233.09099999999998,-58.845
Large Message (5 rps),large,5_rps,150,140.22,196.446,-56.226
Large Message (5 rps),large,5_rps,151,162.95499999999998,229.314,-66.359
Large Message (5 rps),large,5_rps,152,140.45,198.45,-58.0
Large Message (5 rps),large,5_rps,153,168.604,262.52799999999996,-93.92399999999999
Large Message (5 rps),large,5_rps,154,137.671,198.784,-61.113
Large Message (5 rps),large,5_rps,155,134.74099999999999,198.482,-63.74100000000001
Large Message (5 rps),large,5_rps,156,148.871,207.19899999999998,-58.327999999999996
Large Message (5 rps),large,5_rps,157,151.21699999999998,213.803,-62.586000000000006
Large Message (5 rps),large,5_rps,158,155.847,216.892,-61.045
Large Message (5 rps),large,5_rps,159,139.61200000000002,201.077,-61.464999999999996
Large Message (5 rps),large,5_rps,160,120.674,179.24499999999998,-58.571
Large Message (5 rps),large,5_rps,161,157.45600000000002,217.027,-59.571
Large Message (5 rps),large,5_rps,162,161.70999999999998,226.564,-64.854
Large Message (5 rps),large,5_rps,163,231.185,298.531,-67.346
Large Message (5 rps),large,5_rps,164,263.52500000000003,322.49899999999997,-58.974
Large Message (5 rps),large,5_rps,165,156.892,220.863,-63.971000000000004
Large Message (5 rps),large,5_rps,166,156.644,218.23999999999998,-61.596
Large Message (5 rps),large,5_rps,167,147.16000000000003,204.916,-57.756
Large Message (5 rps),large,5_rps,168,139.703,200.376,-60.672999999999995
Large Message (5 rps),large,5_rps,169,169.523,229.251,-59.728
Large Message (5 rps),large,5_rps,170,159.787,216.54899999999998,-56.762
Large Message (5 rps),large,5_rps,171,178.749,238.724,-59.975
Large Message (5 rps),large,5_rps,172,130.98000000000002,193.296,-62.316
Large Message (5 rps),large,5_rps,173,172.715,230.13500000000002,-57.42
Large Message (5 rps),large,5_rps,174,128.272,186.921,-58.649
Large Message (5 rps),large,5_rps,175,150.499,234.78099999999998,-84.282
Large Message (5 rps),large,5_rps,176,143.534,200.902,-57.368
Large Message (5 rps),large,5_rps,177,159.471,221.939,-62.468
Large Message (5 rps),large,5_rps,178,134.239,196.64200000000002,-62.403
Large Message (5 rps),large,5_rps,179,181.88899999999998,241.08499999999998,-59.196
Large Message (5 rps),large,5_rps,180,143.517,211.071,-67.554
Large Message (5 rps),large,5_rps,181,148.20600000000002,210.011,-61.805
Large Message (5 rps),large,5_rps,182,168.961,232.579,-63.617999999999995
Large Message (5 rps),large,5_rps,183,140.10500000000002,196.912,-56.807
Large Message (5 rps),large,5_rps,184,168.991,226.893,-57.902
Large Message (5 rps),large,5_rps,185,137.05700000000002,195.525,-58.467999999999996
Large Message (5 rps),large,5_rps,186,180.15800000000002,240.103,-59.945
Large Message (5 rps),large,5_rps,187,140.087,198.437,-58.35
Large Message (5 rps),large,5_rps,188,156.368,219.34699999999998,-62.97899999999999
Large Message (5 rps),large,5_rps,189,162.70000000000002,224.53400000000002,-61.834
Large Message (5 rps),large,5_rps,190,111.167,185.504,-74.337
Large Message (5 rps),large,5_rps,191,111.19,176.43800000000002,-65.248
Large Message (5 rps),large,5_rps,192,156.67600000000002,217.058,-60.382
Large Message (5 rps),large,5_rps,193,158.198,218.317,-60.119
Large Message (5 rps),large,5_rps,194,131.654,197.64499999999998,-65.991
Large Message (5 rps),large,5_rps,195,152.767,216.278,-63.510999999999996
Large Message (5 rps),large,5_rps,196,142.838,199.54,-56.702000000000005
Large Message (5 rps),large,5_rps,197,157.079,215.072,-57.993
Large Message (5 rps),large,5_rps,198,159.424,217.43599999999998,-58.012
Large Message (5 rps),large,5_rps,199,133.547,194.137,-60.589999999999996
Large Message (5 rps),large,5_rps,200,148.324,214.79999999999998,-66.476
Large Message (5 rps),large,5_rps,201,133.532,212.27599999999998,-78.744
Large Message (5 rps),large,5_rps,202,163.10399999999998,224.432,-61.328
Large Message (5 rps),large,5_rps,203,149.953,209.51600000000002,-59.562999999999995
Large Message (5 rps),large,5_rps,204,152.98600000000002,210.769,-57.783
Large Message (5 rps),large,5_rps,205,159.055,216.021,-56.966
Large Message (5 rps),large,5_rps,206,156.068,218.245,-62.177
Large Message (5 rps),large,5_rps,207,126.813,182.587,-55.773999999999994
Large Message (5 rps),large,5_rps,208,147.686,210.2,-62.514
Large Message (5 rps),large,5_rps,209,160.48100000000002,217.976,-57.495
Large Message (5 rps),large,5_rps,210,149.322,207.487,-58.165
Large Message (5 rps),large,5_rps,211,139.396,196.888,-57.492000000000004
Large Message (5 rps),large,5_rps,212,137.52900000000002,193.322,-55.793
Large Message (5 rps),large,5_rps,213,146.198,207.286,-61.088
Large Message (5 rps),large,5_rps,214,154.32199999999997,213.62300000000002,-59.301
Large Message (5 rps),large,5_rps,215,136.12199999999999,195.84199999999998,-59.72
Large Message (5 rps),large,5_rps,216,149.255,206.96300000000002,-57.708000000000006
Large Message (5 rps),large,5_rps,217,136.631,208.676,-72.045
Large Message (5 rps),large,5_rps,218,153.191,230.423,-77.232
Large Message (5 rps),large,5_rps,219,174.787,231.428,-56.641
Large Message (5 rps),large,5_rps,220,108.668,218.842,-110.17399999999999
Large Message (5 rps),large,5_rps,221,138.96900000000002,195.116,-56.147000000000006
Large Message (5 rps),large,5_rps,222,154.51000000000002,217.888,-63.37800000000001
Large Message (5 rps),large,5_rps,223,125.553,204.56,-79.00699999999999
Large Message (5 rps),large,5_rps,224,155.059,211.614,-56.555
Large Message (5 rps),large,5_rps,225,154.469,216.25300000000001,-61.784
Large Message (5 rps),large,5_rps,226,132.242,191.798,-59.556
Large Message (5 rps),large,5_rps,227,149.076,210.649,-61.573
Large Message (5 rps),large,5_rps,228,153.585,210.017,-56.432
Large Message (5 rps),large,5_rps,229,148.494,212.573,-64.079
Large Message (5 rps),large,5_rps,230,166.116,223.6,-57.484
Large Message (5 rps),large,5_rps,231,137.64399999999998,195.596,-57.952
Large Message (5 rps),large,5_rps,232,137.47400000000002,197.208,-59.734
Large Message (5 rps),large,5_rps,233,141.179,197.572,-56.393
Large Message (5 rps),large,5_rps,234,134.239,195.056,-60.817
Large Message (5 rps),large,5_rps,235,159.695,218.139,-58.444
Large Message (5 rps),large,5_rps,236,140.078,200.14499999999998,-60.067
Large Message (5 rps),large,5_rps,237,168.554,225.619,-57.065
Large Message (5 rps),large,5_rps,238,144.264,202.58399999999997,-58.32
Large Message (5 rps),large,5_rps,239,210.16000000000003,269.794,-59.634
Large Message (5 rps),large,5_rps,240,159.45000000000002,217.828,-58.378
Large Message (5 rps),large,5_rps,241,154.148,217.164,-63.016000000000005
Large Message (5 rps),large,5_rps,242,145.131,209.635,-64.504
Large Message (5 rps),large,5_rps,243,212.157,270.5,-58.342999999999996
Large Message (5 rps),large,5_rps,244,170.75099999999998,231.102,-60.351
Large Message (5 rps),large,5_rps,245,166.81,225.39999999999998,-58.59
Large Message (5 rps),large,5_rps,246,142.651,217.418,-74.767
Large Message (5 rps),large,5_rps,247,159.50400000000002,221.99099999999999,-62.487
Large Message (5 rps),large,5_rps,248,177.603,235.63500000000002,-58.032000000000004
Large Message (5 rps),large,5_rps,249,154.587,211.814,-57.227
Large Message (5 rps),large,5_rps,250,134.471,191.21099999999998,-56.74
Small Message (0.1 rps),small,0.1_rps,1,186.307,226.62699999999998,-40.32
Small Message (0.1 rps),small,0.1_rps,2,191.00900000000001,211.44,-20.431
Small Message (0.1 rps),small,0.1_rps,3,183.715,203.257,-19.542
Small Message (0.1 rps),small,0.1_rps,4,175.29600000000002,194.16400000000002,-18.868
Small Message (0.1 rps),small,0.1_rps,5,169.725,188.805,-19.08
Small Message (0.1 rps),small,0.1_rps,6,187.248,215.645,-28.397
Small Message (0.1 rps),small,0.1_rps,7,159.652,178.03900000000002,-18.387
Small Message (0.1 rps),small,0.1_rps,8,177.19099999999997,201.343,-24.152
Small Message (0.1 rps),small,0.1_rps,9,174.627,236.829,-62.202
Small Message (0.1 rps),small,0.1_rps,10,177.85999999999999,197.83,-19.970000000000002
Small Message (0.1 rps),small,0.1_rps,11,191.214,216.605,-25.391000000000002
Small Message (0.1 rps),small,0.1_rps,12,171.316,191.469,-20.153000000000002
Small Message (0.1 rps),small,0.1_rps,13,154.07100000000003,174.377,-20.306
Small Message (0.1 rps),small,0.1_rps,14,187.785,205.268,-17.482999999999997
Small Message (0.1 rps),small,0.1_rps,15,193.081,214.01500000000001,-20.934
Small Message (0.1 rps),small,0.1_rps,16,152.18599999999998,172.374,-20.188000000000002
Small Message (0.1 rps),small,0.1_rps,17,198.94400000000002,219.07999999999998,-20.136000000000003
Small Message (0.1 rps),small,0.1_rps,18,182.04999999999998,197.447,-15.396999999999998
Small Message (0.1 rps),small,0.1_rps,19,182.136,201.12099999999998,-18.985
Small Message (0.1 rps),small,0.1_rps,20,174.701,192.463,-17.762
Small Message (0.1 rps),small,0.1_rps,21,168.52800000000002,197.687,-29.159000000000002
Small Message (0.1 rps),small,0.1_rps,22,159.01399999999998,179.114,-20.1
Small Message (0.1 rps),small,0.1_rps,23,170.745,190.488,-19.743
Small Message (0.1 rps),small,0.1_rps,24,174.259,195.356,-21.097
Small Message (0.1 rps),small,0.1_rps,25,183.596,200.572,-16.976000000000003
Small Message (0.1 rps),small,0.1_rps,26,211.67,232.92499999999998,-21.255
Small Message (0.1 rps),small,0.1_rps,27,191.57399999999998,210.59900000000002,-19.025
Small Message (0.1 rps),small,0.1_rps,28,178.622,203.71900000000002,-25.097
Small Message (0.1 rps),small,0.1_rps,29,180.924,198.079,-17.155
Small Message (0.1 rps),small,0.1_rps,30,185.688,203.006,-17.318
Small Message (0.1 rps),small,0.1_rps,31,180.31,198.857,-18.547
Small Message (0.1 rps),small,0.1_rps,32,175.316,196.554,-21.238
Small Message (0.1 rps),small,0.1_rps,33,186.933,204.093,-17.16
Small Message (0.1 rps),small,0.1_rps,34,177.313,196.539,-19.226
Small Message (0.1 rps),small,0.1_rps,35,182.91199999999998,200.906,-17.994
Small Message (0.1 rps),small,0.1_rps,36,178.41000000000003,196.33900000000003,-17.929000000000002
Small Message (0.1 rps),small,0.1_rps,37,181.666,202.33,-20.663999999999998
Small Message (0.1 rps),small,0.1_rps,38,220.51299999999998,243.279,-22.766000000000002
Small Message (0.1 rps),small,0.1_rps,39,164.463,186.316,-21.853
Small Message (0.1 rps),small,0.1_rps,40,174.07500000000002,194.60399999999998,-20.529
Small Message (0.1 rps),small,0.1_rps,41,182.975,198.78199999999998,-15.807000000000002
Small Message (0.1 rps),small,0.1_rps,42,176.905,197.297,-20.392
Small Message (0.1 rps),small,0.1_rps,43,168.29,187.105,-18.814999999999998
Small Message (0.1 rps),small,0.1_rps,44,194.596,211.013,-16.417
Small Message (0.1 rps),small,0.1_rps,45,176.695,202.362,-25.666999999999998
Small Message (0.1 rps),small,0.1_rps,46,182.384,202.42499999999998,-20.041
Small Message (0.1 rps),small,0.1_rps,47,189.234,208.604,-19.369999999999997
Small Message (0.1 rps),small,0.1_rps,48,168.087,193.659,-25.572000000000003
Small Message (0.1 rps),small,0.1_rps,49,194.845,214.067,-19.221999999999998
Small Message (0.1 rps),small,0.1_rps,50,182.983,203.21800000000002,-20.235
Small Message (0.1 rps),small,0.1_rps,51,190.447,208.487,-18.04
Small Message (0.1 rps),small,0.1_rps,52,148.983,167.329,-18.346
Small Message (0.1 rps),small,0.1_rps,53,175.739,195.016,-19.276999999999997
Small Message (0.1 rps),small,0.1_rps,54,177.426,197.471,-20.045
Small Message (0.1 rps),small,0.1_rps,55,197.323,219.328,-22.005
Small Message (0.1 rps),small,0.1_rps,56,187.379,208.279,-20.9
Small Message (0.1 rps),small,0.1_rps,57,158.85399999999998,178.777,-19.923
Small Message (0.1 rps),small,0.1_rps,58,139.823,159.419,-19.596
Small Message (0.1 rps),small,0.1_rps,59,182.17,203.61499999999998,-21.445
Small Message (0.1 rps),small,0.1_rps,60,168.049,187.637,-19.588
Small Message (0.1 rps),small,0.1_rps,61,182.226,201.351,-19.125
Small Message (0.1 rps),small,0.1_rps,62,184.861,203.94,-19.078999999999997
Small Message (0.1 rps),small,0.1_rps,63,181.60299999999998,200.25699999999998,-18.654
Small Message (0.1 rps),small,0.1_rps,64,164.564,182.74099999999999,-18.177
Small Message (0.1 rps),small,0.1_rps,65,172.587,191.715,-19.128
Small Message (0.1 rps),small,0.1_rps,66,169.109,186.862,-17.753
Small Message (0.1 rps),small,0.1_rps,67,188.70100000000002,210.785,-22.084
Small Message (0.1 rps),small,0.1_rps,68,179.622,200.99,-21.368000000000002
Small Message (0.1 rps),small,0.1_rps,69,180.559,201.39399999999998,-20.835
Small Message (0.1 rps),small,0.1_rps,70,194.04399999999998,215.097,-21.052999999999997
Small Message (0.1 rps),small,0.1_rps,71,193.615,213.175,-19.560000000000002
Small Message (0.1 rps),small,0.1_rps,72,180.718,201.66600000000003,-20.948
Small Message (0.1 rps),small,0.1_rps,73,179.436,198.799,-19.363
Small Message (0.1 rps),small,0.1_rps,74,179.592,200.374,-20.782
Small Message (0.1 rps),small,0.1_rps,75,162.876,181.788,-18.912000000000003
Small Message (0.1 rps),small,0.1_rps,76,188.11,208.017,-19.907
Small Message (0.1 rps),small,0.1_rps,77,185.174,205.807,-20.633
Small Message (0.1 rps),small,0.1_rps,78,183.814,201.22,-17.406000000000002
Small Message (0.1 rps),small,0.1_rps,79,151.761,169.80700000000002,-18.046
Small Message (0.1 rps),small,0.1_rps,80,169.292,187.298,-18.006
Small Message (0.1 rps),small,0.1_rps,81,177.48,198.25400000000002,-20.774
Small Message (0.1 rps),small,0.1_rps,82,154.25900000000001,175.584,-21.325
Small Message (0.1 rps),small,0.1_rps,83,175.46800000000002,193.752,-18.284000000000002
Small Message (0.1 rps),small,0.1_rps,84,186.703,206.126,-19.423
Small Message (0.1 rps),small,0.1_rps,85,150.088,167.261,-17.173000000000002
Small Message (0.1 rps),small,0.1_rps,86,183.691,206.429,-22.738
Small Message (0.1 rps),small,0.1_rps,87,180.001,200.375,-20.374
Small Message (0.1 rps),small,0.1_rps,88,166.097,185.387,-19.290000000000003
Small Message (0.1 rps),small,0.1_rps,89,172.762,192.212,-19.45
Small Message (0.1 rps),small,0.1_rps,90,193.408,218.777,-25.369
Small Message (0.1 rps),small,0.1_rps,91,162.518,183.055,-20.537
Small Message (0.1 rps),small,0.1_rps,92,173.821,195.766,-21.945
Small Message (0.1 rps),small,0.1_rps,93,184.634,208.787,-24.153000000000002
Small Message (0.1 rps),small,0.1_rps,94,176.405,192.269,-15.863999999999999
Small Message (0.1 rps),small,0.1_rps,95,178.134,197.452,-19.317999999999998
Small Message (0.1 rps),small,0.1_rps,96,183.31,202.672,-19.362000000000002
Small Message (0.1 rps),small,0.1_rps,97,188.112,209.307,-21.195
Small Message (0.1 rps),small,0.1_rps,98,152.84300000000002,173.986,-21.142999999999997
Small Message (0.1 rps),small,0.1_rps,99,170.422,189.204,-18.782
Small Message (0.1 rps),small,0.1_rps,100,191.32399999999998,213.159,-21.835
Small Message (0.1 rps),small,0.1_rps,101,185.845,205.007,-19.162
Small Message (0.1 rps),small,0.1_rps,102,180.24200000000002,201.06199999999998,-20.82
Small Message (0.1 rps),small,0.1_rps,103,179.197,199.967,-20.77
Small Message (0.1 rps),small,0.1_rps,104,167.767,187.70600000000002,-19.939
Small Message (0.1 rps),small,0.1_rps,105,180.608,200.412,-19.804
Small Message (0.1 rps),small,0.1_rps,106,184.891,212.729,-27.838
Small Message (0.1 rps),small,0.1_rps,107,187.597,208.618,-21.021
Small Message (0.1 rps),small,0.1_rps,108,190.433,214.262,-23.829
Small Message (0.1 rps),small,0.1_rps,109,188.882,209.914,-21.032
Small Message (0.1 rps),small,0.1_rps,110,158.661,179.601,-20.94
Small Message (0.1 rps),small,0.1_rps,111,149.89,169.951,-20.061
Small Message (0.1 rps),small,0.1_rps,112,165.33700000000002,181.85999999999999,-16.523
Small Message (0.1 rps),small,0.1_rps,113,199.149,222.25,-23.101
Small Message (0.1 rps),small,0.1_rps,114,171.757,191.72,-19.963
Small Message (0.1 rps),small,0.1_rps,115,183.097,204.62199999999999,-21.525
Small Message (0.1 rps),small,0.1_rps,116,190.379,212.483,-22.104
Small Message (0.1 rps),small,0.1_rps,117,192.876,212.784,-19.907999999999998
Small Message (0.1 rps),small,0.1_rps,118,178.346,199.7,-21.354000000000003
Small Message (0.1 rps),small,0.1_rps,119,188.93699999999998,205.163,-16.226
Small Message (0.1 rps),small,0.1_rps,120,171.43,189.76399999999998,-18.334
Small Message (0.1 rps),small,0.1_rps,121,204.446,226.614,-22.168
Small Message (0.1 rps),small,0.1_rps,122,162.549,182.062,-19.512999999999998
Small Message (0.1 rps),small,0.1_rps,123,244.754,267.59,-22.836
Small Message (0.1 rps),small,0.1_rps,124,177.839,197.324,-19.485
Small Message (0.1 rps),small,0.1_rps,125,191.428,211.71599999999998,-20.288
Small Message (0.1 rps),small,0.1_rps,126,179.065,202.12,-23.055
Small Message (0.1 rps),small,0.1_rps,127,191.511,212.59,-21.079
Small Message (0.1 rps),small,0.1_rps,128,181.815,257.898,-76.083
Small Message (0.1 rps),small,0.1_rps,129,154.26899999999998,176.76600000000002,-22.497
Small Message (0.1 rps),small,0.1_rps,130,186.44299999999998,205.13400000000001,-18.691
Small Message (0.1 rps),small,0.1_rps,131,181.483,200.209,-18.726
Small Message (0.1 rps),small,0.1_rps,132,188.327,207.86599999999999,-19.539
Small Message (0.1 rps),small,0.1_rps,133,171.34,191.16,-19.82
Small Message (0.1 rps),small,0.1_rps,134,193.722,213.459,-19.737000000000002
Small Message (0.1 rps),small,0.1_rps,135,195.81699999999998,215.554,-19.737000000000002
Small Message (0.1 rps),small,0.1_rps,136,186.222,206.284,-20.062
Small Message (0.1 rps),small,0.1_rps,137,175.231,190.916,-15.685
Small Message (0.1 rps),small,0.1_rps,138,184.002,205.653,-21.651
Small Message (0.1 rps),small,0.1_rps,139,182.26700000000002,200.733,-18.466
Small Message (0.1 rps),small,0.1_rps,140,184.416,202.762,-18.346
Small Message (0.1 rps),small,0.1_rps,141,171.47899999999998,190.116,-18.637
Small Message (0.1 rps),small,0.1_rps,142,191.772,210.643,-18.871
Small Message (0.1 rps),small,0.1_rps,143,161.66,188.291,-26.630999999999997
Small Message (0.1 rps),small,0.1_rps,144,152.302,170.401,-18.099
Small Message (0.1 rps),small,0.1_rps,145,177.587,198.402,-20.815
Small Message (0.1 rps),small,0.1_rps,146,183.2,201.846,-18.646
Small Message (0.1 rps),small,0.1_rps,147,180.47,200.481,-20.011000000000003
Small Message (0.1 rps),small,0.1_rps,148,191.379,217.977,-26.598
Small Message (0.1 rps),small,0.1_rps,149,203.902,226.41,-22.508
Small Message (0.1 rps),small,0.1_rps,150,176.755,194.84099999999998,-18.086000000000002
Small Message (0.1 rps),small,0.1_rps,151,180.414,199.123,-18.709
Small Message (0.1 rps),small,0.1_rps,152,169.179,188.982,-19.803
Small Message (0.1 rps),small,0.1_rps,153,184.308,208.561,-24.253
Small Message (0.1 rps),small,0.1_rps,154,165.962,186.971,-21.009
Small Message (0.1 rps),small,0.1_rps,155,171.53799999999998,197.20399999999998,-25.666
Small Message (0.1 rps),small,0.1_rps,156,168.272,186.88299999999998,-18.611
Small Message (0.1 rps),small,0.1_rps,157,152.117,174.827,-22.71
Small Message (0.1 rps),small,0.1_rps,158,189.736,207.44299999999998,-17.707
Small Message (0.1 rps),small,0.1_rps,159,186.195,204.617,-18.422
Small Message (0.1 rps),small,0.1_rps,160,195.556,213.29899999999998,-17.743
Small Message (0.1 rps),small,0.1_rps,161,193.593,216.808,-23.215
Small Message (0.1 rps),small,0.1_rps,162,171.958,191.048,-19.09
Small Message (0.1 rps),small,0.1_rps,163,182.525,200.519,-17.994
Small Message (0.1 rps),small,0.1_rps,164,192.36800000000002,217.811,-25.443
Small Message (0.1 rps),small,0.1_rps,165,191.237,211.90800000000002,-20.671
Small Message (0.1 rps),small,0.1_rps,166,178.25,195.479,-17.229000000000003
Small Message (0.1 rps),small,0.1_rps,167,179.85999999999999,199.916,-20.056
Small Message (0.1 rps),small,0.1_rps,168,191.60399999999998,213.23700000000002,-21.633
Small Message (0.1 rps),small,0.1_rps,169,173.561,192.583,-19.022000000000002
Small Message (0.1 rps),small,0.1_rps,170,188.18699999999998,206.146,-17.959
Small Message (0.1 rps),small,0.1_rps,171,173.483,196.64000000000001,-23.157
Small Message (0.1 rps),small,0.1_rps,172,152.922,173.994,-21.072
Small Message (0.1 rps),small,0.1_rps,173,173.463,192.302,-18.839000000000002
Small Message (0.1 rps),small,0.1_rps,174,168.47799999999998,186.97,-18.492
Small Message (0.1 rps),small,0.1_rps,175,186.523,207.028,-20.505
Small Message (0.1 rps),small,0.1_rps,176,182.12,204.846,-22.726
Small Message (0.1 rps),small,0.1_rps,177,170.377,189.09,-18.713
Small Message (0.1 rps),small,0.1_rps,178,158.508,177.513,-19.005000000000003
Small Message (0.1 rps),small,0.1_rps,179,185.864,208.57600000000002,-22.712
Small Message (0.1 rps),small,0.1_rps,180,181.74,201.356,-19.616000000000003
Small Message (0.1 rps),small,0.1_rps,181,193.853,212.73,-18.877000000000002
Small Message (0.1 rps),small,0.1_rps,182,193.00400000000002,212.574,-19.57
Small Message (0.1 rps),small,0.1_rps,183,199.232,220.56,-21.328
Small Message (0.1 rps),small,0.1_rps,184,148.008,167.374,-19.366
Small Message (0.1 rps),small,0.1_rps,185,174.298,190.829,-16.531
Small Message (0.1 rps),small,0.1_rps,186,189.03,206.912,-17.881999999999998
Small Message (0.1 rps),small,0.1_rps,187,211.391,231.31199999999998,-19.921000000000003
Small Message (0.1 rps),small,0.1_rps,188,186.694,205.49200000000002,-18.798
Small Message (0.1 rps),small,0.1_rps,189,199.586,221.661,-22.075
Small Message (0.1 rps),small,0.1_rps,190,202.71,224.359,-21.649
Small Message (0.1 rps),small,0.1_rps,191,182.21200000000002,201.94899999999998,-19.737000000000002
Small Message (0.1 rps),small,0.1_rps,192,175.99699999999999,195.48,-19.483
Small Message (0.1 rps),small,0.1_rps,193,178.491,195.39100000000002,-16.9
Small Message (0.1 rps),small,0.1_rps,194,215.928,241.627,-25.698999999999998
Small Message (0.1 rps),small,0.1_rps,195,182.909,200.05800000000002,-17.149
Small Message (0.1 rps),small,0.1_rps,196,192.962,214.281,-21.319000000000003
Small Message (0.1 rps),small,0.1_rps,197,182.562,201.329,-18.767
Small Message (0.1 rps),small,0.1_rps,198,180.705,200.966,-20.261000000000003
Small Message (0.1 rps),small,0.1_rps,199,178.15300000000002,199.585,-21.432
Small Message (0.1 rps),small,0.1_rps,200,179.459,201.856,-22.397
Small Message (0.1 rps),small,0.1_rps,201,176.916,198.951,-22.035
Small Message (0.1 rps),small,0.1_rps,202,165.933,185.26000000000002,-19.327
Small Message (0.1 rps),small,0.1_rps,203,168.231,186.79100000000003,-18.56
Small Message (0.1 rps),small,0.1_rps,204,179.954,202.192,-22.238
Small Message (0.1 rps),small,0.1_rps,205,190.385,208.46300000000002,-18.078
Small Message (0.1 rps),small,0.1_rps,206,173.661,192.738,-19.077
Small Message (0.1 rps),small,0.1_rps,207,183.461,201.604,-18.143
Small Message (0.1 rps),small,0.1_rps,208,169.07,188.768,-19.698
Small Message (0.1 rps),small,0.1_rps,209,172.649,193.378,-20.729
Small Message (0.1 rps),small,0.1_rps,210,181.166,200.80700000000002,-19.641
Small Message (0.1 rps),small,0.1_rps,211,166.163,185.969,-19.806
Small Message (0.1 rps),small,0.1_rps,212,185.79399999999998,206.875,-21.081
Small Message (0.1 rps),small,0.1_rps,213,182.566,200.23,-17.663999999999998
Small Message (0.1 rps),small,0.1_rps,214,182.691,201.638,-18.947
Small Message (0.1 rps),small,0.1_rps,215,173.526,191.334,-17.808
Small Message (0.1 rps),small,0.1_rps,216,178.892,198.094,-19.202
Small Message (0.1 rps),small,0.1_rps,217,167.596,189.327,-21.731
Small Message (0.1 rps),small,0.1_rps,218,180.968,200.5,-19.532
Small Message (0.1 rps),small,0.1_rps,219,177.35500000000002,195.056,-17.701
Small Message (0.1 rps),small,0.1_rps,220,176.498,193.03300000000002,-16.535
Small Message (0.1 rps),small,0.1_rps,221,177.35500000000002,194.78300000000002,-17.427999999999997
Small Message (0.1 rps),small,0.1_rps,222,156.583,186.635,-30.052
Small Message (0.1 rps),small,0.1_rps,223,180.0,199.216,-19.216
Small Message (0.1 rps),small,0.1_rps,224,165.149,182.454,-17.305
Small Message (0.1 rps),small,0.1_rps,225,201.797,221.99099999999999,-20.194
Small Message (0.1 rps),small,0.1_rps,226,182.394,202.491,-20.097
Small Message (0.1 rps),small,0.1_rps,227,181.99699999999999,205.46,-23.463
Small Message (0.1 rps),small,0.1_rps,228,194.023,213.322,-19.299
Small Message (0.1 rps),small,0.1_rps,229,175.101,193.94,-18.839000000000002
Small Message (0.1 rps),small,0.1_rps,230,174.963,198.237,-23.274
Small Message (0.1 rps),small,0.1_rps,231,181.563,198.698,-17.135
Small Message (0.1 rps),small,0.1_rps,232,170.69400000000002,186.805,-16.111
Small Message (0.1 rps),small,0.1_rps,233,187.096,207.62,-20.524
Small Message (0.1 rps),small,0.1_rps,234,166.157,186.972,-20.815
Small Message (0.1 rps),small,0.1_rps,235,162.436,182.282,-19.846
Small Message (0.1 rps),small,0.1_rps,236,170.12199999999999,190.28400000000002,-20.162
Small Message (0.1 rps),small,0.1_rps,237,187.004,209.006,-22.002000000000002
Small Message (0.1 rps),small,0.1_rps,238,177.598,197.097,-19.499
Small Message (0.1 rps),small,0.1_rps,239,175.114,195.823,-20.709000000000003
Small Message (0.1 rps),small,0.1_rps,240,177.884,199.61,-21.726
Small Message (0.1 rps),small,0.1_rps,241,170.714,190.102,-19.387999999999998
Small Message (0.1 rps),small,0.1_rps,242,169.994,185.91,-15.916
Small Message (0.1 rps),small,0.1_rps,243,179.137,196.69400000000002,-17.557
Small Message (0.1 rps),small,0.1_rps,244,174.41899999999998,192.382,-17.963
Small Message (0.1 rps),small,0.1_rps,245,170.087,188.835,-18.748
Small Message (0.1 rps),small,0.1_rps,246,196.30700000000002,215.963,-19.656
Small Message (0.1 rps),small,0.1_rps,247,161.834,186.864,-25.03
Small Message (0.1 rps),small,0.1_rps,248,155.252,173.59199999999998,-18.34
Small Message (0.1 rps),small,0.1_rps,249,177.033,194.864,-17.831
Small Message (0.1 rps),small,0.1_rps,250,196.23499999999999,215.768,-19.532999999999998
Small Message (5 rps),small,5_rps,1,194.45299999999997,223.058,-28.604999999999997
Small Message (5 rps),small,5_rps,2,171.566,183.421,-11.854999999999999
Small Message (5 rps),small,5_rps,3,164.493,176.426,-11.933
Small Message (5 rps),small,5_rps,4,190.522,203.278,-12.756
Small Message (5 rps),small,5_rps,5,158.977,170.629,-11.652
Small Message (5 rps),small,5_rps,6,179.749,191.81799999999998,-12.068999999999999
Small Message (5 rps),small,5_rps,7,178.71,190.413,-11.703
Small Message (5 rps),small,5_rps,8,169.389,181.739,-12.35
Small Message (5 rps),small,5_rps,9,176.71200000000002,188.828,-12.116
Small Message (5 rps),small,5_rps,10,195.45000000000002,206.80499999999998,-11.355
Small Message (5 rps),small,5_rps,11,175.756,188.102,-12.346
Small Message (5 rps),small,5_rps,12,203.933,218.316,-14.383
Small Message (5 rps),small,5_rps,13,167.602,182.231,-14.629
Small Message (5 rps),small,5_rps,14,177.911,193.922,-16.011
Small Message (5 rps),small,5_rps,15,194.87699999999998,206.598,-11.721
Small Message (5 rps),small,5_rps,16,155.387,167.65800000000002,-12.271
Small Message (5 rps),small,5_rps,17,202.813,214.76500000000001,-11.952
Small Message (5 rps),small,5_rps,18,171.64,189.582,-17.942
Small Message (5 rps),small,5_rps,19,167.506,181.615,-14.109
Small Message (5 rps),small,5_rps,20,154.81400000000002,166.47799999999998,-11.664000000000001
Small Message (5 rps),small,5_rps,21,142.759,156.54999999999998,-13.790999999999999
Small Message (5 rps),small,5_rps,22,170.058,183.083,-13.025
Small Message (5 rps),small,5_rps,23,156.859,170.74800000000002,-13.889000000000001
Small Message (5 rps),small,5_rps,24,166.879,180.833,-13.953999999999999
Small Message (5 rps),small,5_rps,25,161.828,173.591,-11.763
Small Message (5 rps),small,5_rps,26,140.05200000000002,153.42600000000002,-13.374
Small Message (5 rps),small,5_rps,27,167.472,179.51,-12.038
Small Message (5 rps),small,5_rps,28,166.379,179.70600000000002,-13.327
Small Message (5 rps),small,5_rps,29,143.089,156.10999999999999,-13.020999999999999
Small Message (5 rps),small,5_rps,30,164.813,178.37900000000002,-13.566
Small Message (5 rps),small,5_rps,31,140.049,153.476,-13.427
Small Message (5 rps),small,5_rps,32,150.25,162.249,-11.998999999999999
Small Message (5 rps),small,5_rps,33,178.51500000000001,190.797,-12.282
Small Message (5 rps),small,5_rps,34,176.57999999999998,188.20899999999997,-11.629000000000001
Small Message (5 rps),small,5_rps,35,154.141,168.59799999999998,-14.456999999999999
Small Message (5 rps),small,5_rps,36,164.144,174.883,-10.739
Small Message (5 rps),small,5_rps,37,147.522,159.017,-11.495
Small Message (5 rps),small,5_rps,38,147.543,162.904,-15.360999999999999
Small Message (5 rps),small,5_rps,39,167.603,179.821,-12.218
Small Message (5 rps),small,5_rps,40,190.97400000000002,203.363,-12.389000000000001
Small Message (5 rps),small,5_rps,41,208.762,220.642,-11.88
Small Message (5 rps),small,5_rps,42,138.93,151.006,-12.076
Small Message (5 rps),small,5_rps,43,169.06199999999998,181.089,-12.027
Small Message (5 rps),small,5_rps,44,163.59199999999998,174.983,-11.391
Small Message (5 rps),small,5_rps,45,146.041,158.947,-12.906
Small Message (5 rps),small,5_rps,46,146.527,159.404,-12.876999999999999
Small Message (5 rps),small,5_rps,47,127.597,141.024,-13.427
Small Message (5 rps),small,5_rps,48,159.581,173.35600000000002,-13.775
Small Message (5 rps),small,5_rps,49,136.11599999999999,149.324,-13.207999999999998
Small Message (5 rps),small,5_rps,50,148.10799999999998,161.242,-13.134
Small Message (5 rps),small,5_rps,51,136.939,148.844,-11.905000000000001
Small Message (5 rps),small,5_rps,52,127.28500000000001,141.652,-14.366999999999999
Small Message (5 rps),small,5_rps,53,146.976,159.454,-12.478
Small Message (5 rps),small,5_rps,54,134.365,147.469,-13.104
Small Message (5 rps),small,5_rps,55,180.282,192.45100000000002,-12.168999999999999
Small Message (5 rps),small,5_rps,56,126.36900000000001,148.06,-21.691
Small Message (5 rps),small,5_rps,57,137.83,181.051,-43.221000000000004
Small Message (5 rps),small,5_rps,58,150.488,168.838,-18.35
Small Message (5 rps),small,5_rps,59,141.557,155.108,-13.551
Small Message (5 rps),small,5_rps,60,143.761,158.356,-14.595
Small Message (5 rps),small,5_rps,61,136.255,149.094,-12.839
Small Message (5 rps),small,5_rps,62,145.32,157.87300000000002,-12.552999999999999
Small Message (5 rps),small,5_rps,63,149.313,161.619,-12.306
Small Message (5 rps),small,5_rps,64,139.113,153.108,-13.995000000000001
Small Message (5 rps),small,5_rps,65,154.629,168.11599999999999,-13.487
Small Message (5 rps),small,5_rps,66,143.644,159.982,-16.337999999999997
Small Message (5 rps),small,5_rps,67,169.553,190.785,-21.232
Small Message (5 rps),small,5_rps,68,157.415,170.08599999999998,-12.671
Small Message (5 rps),small,5_rps,69,135.08100000000002,147.29500000000002,-12.213999999999999
Small Message (5 rps),small,5_rps,70,151.06,162.54399999999998,-11.484
Small Message (5 rps),small,5_rps,71,169.899,182.13199999999998,-12.233
Small Message (5 rps),small,5_rps,72,133.816,147.382,-13.566
Small Message (5 rps),small,5_rps,73,152.651,164.89999999999998,-12.248999999999999
Small Message (5 rps),small,5_rps,74,141.475,154.13299999999998,-12.658000000000001
Small Message (5 rps),small,5_rps,75,149.10399999999998,162.362,-13.258000000000001
Small Message (5 rps),small,5_rps,76,139.82,151.634,-11.814
Small Message (5 rps),small,5_rps,77,165.43099999999998,177.238,-11.807
Small Message (5 rps),small,5_rps,78,166.197,178.66299999999998,-12.466
Small Message (5 rps),small,5_rps,79,143.857,155.94,-12.083
Small Message (5 rps),small,5_rps,80,153.609,164.885,-11.276
Small Message (5 rps),small,5_rps,81,154.198,165.983,-11.785
Small Message (5 rps),small,5_rps,82,162.663,174.618,-11.955
Small Message (5 rps),small,5_rps,83,143.75099999999998,157.51000000000002,-13.759
Small Message (5 rps),small,5_rps,84,163.945,179.888,-15.943
Small Message (5 rps),small,5_rps,85,140.31099999999998,152.19,-11.879000000000001
Small Message (5 rps),small,5_rps,86,144.178,156.704,-12.526
Small Message (5 rps),small,5_rps,87,129.236,141.01,-11.774
Small Message (5 rps),small,5_rps,88,166.77800000000002,180.702,-13.924000000000001
Small Message (5 rps),small,5_rps,89,156.349,168.58,-12.231
Small Message (5 rps),small,5_rps,90,131.167,146.377,-15.209999999999999
Small Message (5 rps),small,5_rps,91,188.98999999999998,202.17499999999998,-13.185
Small Message (5 rps),small,5_rps,92,151.204,163.805,-12.600999999999999
Small Message (5 rps),small,5_rps,93,170.991,183.938,-12.947000000000001
Small Message (5 rps),small,5_rps,94,143.977,156.809,-12.831999999999999
Small Message (5 rps),small,5_rps,95,137.31199999999998,149.457,-12.145
Small Message (5 rps),small,5_rps,96,150.529,161.761,-11.232000000000001
Small Message (5 rps),small,5_rps,97,147.32700000000003,160.34799999999998,-13.020999999999999
Small Message (5 rps),small,5_rps,98,157.736,170.80100000000002,-13.065
Small Message (5 rps),small,5_rps,99,163.898,177.495,-13.597
Small Message (5 rps),small,5_rps,100,127.28999999999999,139.06,-11.77
Small Message (5 rps),small,5_rps,101,151.481,163.605,-12.123999999999999
Small Message (5 rps),small,5_rps,102,154.985,169.222,-14.237
Small Message (5 rps),small,5_rps,103,153.704,165.826,-12.122000000000002
Small Message (5 rps),small,5_rps,104,153.72,165.56,-11.84
Small Message (5 rps),small,5_rps,105,141.609,153.833,-12.224
Small Message (5 rps),small,5_rps,106,164.603,177.91199999999998,-13.309
Small Message (5 rps),small,5_rps,107,162.168,173.56199999999998,-11.394
Small Message (5 rps),small,5_rps,108,137.922,150.998,-13.076
Small Message (5 rps),small,5_rps,109,156.727,170.36399999999998,-13.637
Small Message (5 rps),small,5_rps,110,146.094,158.757,-12.663
Small Message (5 rps),small,5_rps,111,198.282,227.908,-29.626
Small Message (5 rps),small,5_rps,112,172.095,184.26999999999998,-12.175
Small Message (5 rps),small,5_rps,113,163.691,176.71200000000002,-13.020999999999999
Small Message (5 rps),small,5_rps,114,167.549,180.635,-13.086
Small Message (5 rps),small,5_rps,115,150.74699999999999,167.534,-16.787
Small Message (5 rps),small,5_rps,116,184.053,196.016,-11.963
Small Message (5 rps),small,5_rps,117,135.448,149.581,-14.133
Small Message (5 rps),small,5_rps,118,144.10999999999999,158.51000000000002,-14.4
Small Message (5 rps),small,5_rps,119,152.346,167.066,-14.72
Small Message (5 rps),small,5_rps,120,168.18,183.596,-15.415999999999999
Small Message (5 rps),small,5_rps,121,144.661,158.82,-14.158999999999999
Small Message (5 rps),small,5_rps,122,165.8,178.24499999999998,-12.445
Small Message (5 rps),small,5_rps,123,149.90200000000002,167.006,-17.104000000000003
Small Message (5 rps),small,5_rps,124,133.368,146.57899999999998,-13.211
Small Message (5 rps),small,5_rps,125,133.04399999999998,144.55200000000002,-11.508
Small Message (5 rps),small,5_rps,126,154.859,166.654,-11.795
Small Message (5 rps),small,5_rps,127,158.806,169.494,-10.687999999999999
Small Message (5 rps),small,5_rps,128,135.89100000000002,147.382,-11.491
Small Message (5 rps),small,5_rps,129,136.39299999999997,148.00900000000001,-11.616
Small Message (5 rps),small,5_rps,130,133.885,145.57999999999998,-11.695
Small Message (5 rps),small,5_rps,131,142.208,172.539,-30.331
Small Message (5 rps),small,5_rps,132,179.10999999999999,191.083,-11.972999999999999
Small Message (5 rps),small,5_rps,133,136.77100000000002,149.179,-12.408000000000001
Small Message (5 rps),small,5_rps,134,143.767,156.311,-12.544
Small Message (5 rps),small,5_rps,135,149.60399999999998,162.28799999999998,-12.684000000000001
Small Message (5 rps),small,5_rps,136,150.611,162.19400000000002,-11.583
Small Message (5 rps),small,5_rps,137,132.966,145.95,-12.984
Small Message (5 rps),small,5_rps,138,192.43699999999998,205.809,-13.372
Small Message (5 rps),small,5_rps,139,193.969,206.646,-12.677000000000001
Small Message (5 rps),small,5_rps,140,151.89600000000002,164.08700000000002,-12.191
Small Message (5 rps),small,5_rps,141,173.951,185.04000000000002,-11.089
Small Message (5 rps),small,5_rps,142,153.99699999999999,165.595,-11.598
Small Message (5 rps),small,5_rps,143,150.589,163.169,-12.579999999999998
Small Message (5 rps),small,5_rps,144,183.897,197.186,-13.289
Small Message (5 rps),small,5_rps,145,143.746,155.952,-12.206
Small Message (5 rps),small,5_rps,146,159.447,171.722,-12.274999999999999
Small Message (5 rps),small,5_rps,147,147.57999999999998,161.673,-14.093
Small Message (5 rps),small,5_rps,148,149.79500000000002,161.94400000000002,-12.149000000000001
Small Message (5 rps),small,5_rps,149,154.535,167.597,-13.062000000000001
Small Message (5 rps),small,5_rps,150,141.612,154.021,-12.409
Small Message (5 rps),small,5_rps,151,160.58700000000002,173.246,-12.659
Small Message (5 rps),small,5_rps,152,138.411,149.721,-11.31
Small Message (5 rps),small,5_rps,153,149.394,160.81599999999997,-11.422
Small Message (5 rps),small,5_rps,154,153.484,166.23499999999999,-12.751
Small Message (5 rps),small,5_rps,155,134.95499999999998,212.507,-77.55199999999999
Small Message (5 rps),small,5_rps,156,152.55599999999998,165.25300000000001,-12.697
Small Message (5 rps),small,5_rps,157,120.134,132.186,-12.052
Small Message (5 rps),small,5_rps,158,159.496,171.11399999999998,-11.618
Small Message (5 rps),small,5_rps,159,129.548,142.347,-12.799
Small Message (5 rps),small,5_rps,160,155.109,166.423,-11.314
Small Message (5 rps),small,5_rps,161,141.814,153.689,-11.875
Small Message (5 rps),small,5_rps,162,134.629,147.79,-13.161000000000001
Small Message (5 rps),small,5_rps,163,154.699,166.736,-12.037
Small Message (5 rps),small,5_rps,164,133.20100000000002,146.892,-13.691
Small Message (5 rps),small,5_rps,165,160.976,173.151,-12.175
Small Message (5 rps),small,5_rps,166,132.357,143.147,-10.79
Small Message (5 rps),small,5_rps,167,139.715,151.208,-11.493
Small Message (5 rps),small,5_rps,168,139.179,150.205,-11.026
Small Message (5 rps),small,5_rps,169,149.46499999999997,165.21800000000002,-15.753
Small Message (5 rps),small,5_rps,170,157.751,169.201,-11.45
Small Message (5 rps),small,5_rps,171,150.68200000000002,163.265,-12.583
Small Message (5 rps),small,5_rps,172,151.701,164.42399999999998,-12.723
Small Message (5 rps),small,5_rps,173,119.2,130.798,-11.598
Small Message (5 rps),small,5_rps,174,147.024,158.836,-11.812
Small Message (5 rps),small,5_rps,175,135.03,154.028,-18.998
Small Message (5 rps),small,5_rps,176,173.097,184.964,-11.867
Small Message (5 rps),small,5_rps,177,154.878,167.78199999999998,-12.904
Small Message (5 rps),small,5_rps,178,132.42200000000003,145.323,-12.901
Small Message (5 rps),small,5_rps,179,150.36599999999999,162.926,-12.56
Small Message (5 rps),small,5_rps,180,132.57,144.354,-11.783999999999999
Small Message (5 rps),small,5_rps,181,159.21099999999998,171.94799999999998,-12.737
Small Message (5 rps),small,5_rps,182,133.104,145.338,-12.234
Small Message (5 rps),small,5_rps,183,137.963,149.838,-11.875
Small Message (5 rps),small,5_rps,184,155.311,166.324,-11.013
Small Message (5 rps),small,5_rps,185,123.481,137.575,-14.094000000000001
Small Message (5 rps),small,5_rps,186,137.473,149.76500000000001,-12.292000000000002
Small Message (5 rps),small,5_rps,187,162.25,175.142,-12.892000000000001
Small Message (5 rps),small,5_rps,188,150.935,162.559,-11.624
Small Message (5 rps),small,5_rps,189,139.72799999999998,152.165,-12.437
Small Message (5 rps),small,5_rps,190,148.38299999999998,163.33100000000002,-14.947999999999999
Small Message (5 rps),small,5_rps,191,137.08100000000002,150.13199999999998,-13.051
Small Message (5 rps),small,5_rps,192,141.30100000000002,154.136,-12.834999999999999
Small Message (5 rps),small,5_rps,193,153.141,166.009,-12.867999999999999
Small Message (5 rps),small,5_rps,194,133.826,145.911,-12.085
Small Message (5 rps),small,5_rps,195,139.38400000000001,151.68,-12.296
Small Message (5 rps),small,5_rps,196,136.255,152.57000000000002,-16.315
Small Message (5 rps),small,5_rps,197,175.587,187.74699999999999,-12.16
Small Message (5 rps),small,5_rps,198,154.173,167.106,-12.933
Small Message (5 rps),small,5_rps,199,147.94899999999998,160.13,-12.181000000000001
Small Message (5 rps),small,5_rps,200,160.584,173.01,-12.426
Small Message (5 rps),small,5_rps,201,133.76,145.679,-11.919
Small Message (5 rps),small,5_rps,202,148.814,160.31599999999997,-11.502
Small Message (5 rps),small,5_rps,203,139.084,150.324,-11.24
Small Message (5 rps),small,5_rps,204,142.637,157.894,-15.257
Small Message (5 rps),small,5_rps,205,161.64999999999998,174.073,-12.423
Small Message (5 rps),small,5_rps,206,149.46599999999998,161.06699999999998,-11.601
Small Message (5 rps),small,5_rps,207,146.807,164.025,-17.218
Small Message (5 rps),small,5_rps,208,139.78,151.37300000000002,-11.593
Small Message (5 rps),small,5_rps,209,155.591,168.043,-12.452
Small Message (5 rps),small,5_rps,210,151.60999999999999,163.03,-11.42
Small Message (5 rps),small,5_rps,211,180.124,192.47400000000002,-12.35
Small Message (5 rps),small,5_rps,212,154.327,167.086,-12.759
Small Message (5 rps),small,5_rps,213,152.754,165.48399999999998,-12.73
Small Message (5 rps),small,5_rps,214,156.83700000000002,169.617,-12.78
Small Message (5 rps),small,5_rps,215,125.97900000000001,138.62,-12.641
Small Message (5 rps),small,5_rps,216,174.988,187.787,-12.799
Small Message (5 rps),small,5_rps,217,173.019,187.418,-14.399000000000001
Small Message (5 rps),small,5_rps,218,166.015,180.084,-14.068999999999999
Small Message (5 rps),small,5_rps,219,197.71099999999998,210.332,-12.621
Small Message (5 rps),small,5_rps,220,161.09599999999998,173.857,-12.761
Small Message (5 rps),small,5_rps,221,186.532,198.662,-12.13
Small Message (5 rps),small,5_rps,222,150.072,162.20000000000002,-12.128
Small Message (5 rps),small,5_rps,223,181.499,193.546,-12.047
Small Message (5 rps),small,5_rps,224,157.56,169.709,-12.149000000000001
Small Message (5 rps),small,5_rps,225,138.815,152.945,-14.13
Small Message (5 rps),small,5_rps,226,157.249,169.396,-12.147
Small Message (5 rps),small,5_rps,227,138.774,155.016,-16.242
Small Message (5 rps),small,5_rps,228,133.29,144.988,-11.698
Small Message (5 rps),small,5_rps,229,188.54299999999998,204.234,-15.691
Small Message (5 rps),small,5_rps,230,149.697,162.51399999999998,-12.817
Small Message (5 rps),small,5_rps,231,162.196,174.911,-12.715
Small Message (5 rps),small,5_rps,232,153.29999999999998,165.002,-11.702
Small Message (5 rps),small,5_rps,233,150.053,164.993,-14.94
Small Message (5 rps),small,5_rps,234,163.275,178.44,-15.165
Small Message (5 rps),small,5_rps,235,134.149,149.334,-15.185
Small Message (5 rps),small,5_rps,236,158.608,171.954,-13.346
Small Message (5 rps),small,5_rps,237,152.79899999999998,166.907,-14.108
Small Message (5 rps),small,5_rps,238,193.747,206.05599999999998,-12.309000000000001
Small Message (5 rps),small,5_rps,239,138.163,150.922,-12.759
Small Message (5 rps),small,5_rps,240,161.943,173.99800000000002,-12.055
Small Message (5 rps),small,5_rps,241,149.504,163.445,-13.941
Small Message (5 rps),small,5_rps,242,203.412,215.855,-12.443
Small Message (5 rps),small,5_rps,243,170.328,183.296,-12.968
Small Message (5 rps),small,5_rps,244,146.65,158.644,-11.994
Small Message (5 rps),small,5_rps,245,165.27800000000002,181.108,-15.83
Small Message (5 rps),small,5_rps,246,160.579,174.291,-13.712
Small Message (5 rps),small,5_rps,247,157.418,173.05300000000003,-15.635
Small Message (5 rps),small,5_rps,248,160.949,174.358,-13.409
Small Message (5 rps),small,5_rps,249,164.733,178.751,-14.017999999999999
Small Message (5 rps),small,5_rps,250,150.95,162.98399999999998,-12.033999999999999
